City,Cloudiness,Country,Date,Humidity,Lat,Lng,Max Temp,Wind Speed
Ushuaia,40,AR,17-06-2020,69,-54.8,-68.3,39.2,0.89
Balakovo,0,RU,17-06-2020,78,52.03,47.8,68.11,4.97
Carnarvon,40,AU,17-06-2020,100,-24.87,113.63,68.0,5.82
Butaritari,20,KI,17-06-2020,77,3.07,172.79,82.47,14.52
Pathein,100,MM,17-06-2020,89,16.78,94.73,77.36,4.16
Christchurch,100,NZ,17-06-2020,100,-43.53,172.63,46.99,10.29
Vaini,75,TO,17-06-2020,83,-21.2,-175.2,69.8,8.05
Chiang Rai,75,TH,17-06-2020,100,19.91,99.83,75.2,4.7
Punta Arenas,20,CL,17-06-2020,78,-53.15,-70.92,33.8,9.17
Cortez,1,US,17-06-2020,13,37.35,-108.59,79.0,11.41
Kahului,20,US,17-06-2020,61,20.89,-156.47,80.6,12.75
Sayansk,0,RU,17-06-2020,68,54.11,102.16,47.17,5.84
Rikitea,27,PF,17-06-2020,77,-23.12,-134.97,75.61,18.68
Codrington,85,AU,17-06-2020,88,-38.27,141.97,43.9,9.98
Tessalit,0,ML,17-06-2020,7,20.2,1.01,104.27,11.65
Avarua,13,CK,17-06-2020,68,-21.21,-159.78,71.6,9.17
Nikolskoye,20,RU,17-06-2020,64,59.7,30.79,75.2,6.71
Ichnya,97,UA,17-06-2020,92,50.86,32.39,68.0,8.57
Chui,100,UY,17-06-2020,72,-33.7,-53.46,70.65,10.22
Mataura,18,NZ,17-06-2020,83,-46.19,168.86,39.0,3.0
Alofi,74,NU,17-06-2020,68,-19.06,-169.92,71.6,12.75
George Town,40,MY,17-06-2020,88,5.41,100.34,82.4,5.82
Il’inskiy,75,RU,17-06-2020,73,55.62,38.12,80.01,5.21
Qaanaaq,38,GL,17-06-2020,90,77.48,-69.36,33.53,3.09
Tongzi,100,CN,17-06-2020,86,28.78,105.09,70.74,2.35
Kerman,0,IR,17-06-2020,10,30.28,57.08,86.0,6.93
Port Elizabeth,0,ZA,17-06-2020,87,-33.92,25.57,57.2,6.93
Bambous Virieux,75,MU,17-06-2020,88,-20.34,57.76,71.6,18.34
Adré,5,TD,17-06-2020,46,13.47,22.2,79.66,6.96
Natal,20,BR,17-06-2020,66,-5.79,-35.21,84.2,19.46
Visakhapatnam,40,IN,17-06-2020,89,17.69,83.21,84.2,10.29
Thompson,90,CA,17-06-2020,93,55.74,-97.86,42.8,19.46
Pouembout,50,NC,17-06-2020,80,-21.13,164.9,66.92,5.46
Airai,27,TL,17-06-2020,100,-8.93,125.41,55.53,4.79
Lata,0,PT,17-06-2020,70,40.16,-8.33,64.99,8.28
Half Moon Bay,5,US,17-06-2020,27,37.46,-122.43,80.01,6.93
Saskylakh,21,RU,17-06-2020,57,71.92,114.08,55.36,12.53
Castro,0,BR,17-06-2020,68,-24.79,-50.01,67.42,8.32
Santiago,90,CL,17-06-2020,87,-33.46,-70.65,51.8,7.18
Goundam,50,ML,17-06-2020,7,16.41,-3.67,105.87,2.73
Tiksi,100,RU,17-06-2020,91,71.69,128.87,48.92,5.95
Comodoro Rivadavia,100,AR,17-06-2020,76,-45.87,-67.5,50.0,4.7
Albany,0,US,17-06-2020,29,42.6,-73.97,86.0,2.71
Sambava,0,MG,17-06-2020,76,-14.27,50.17,68.77,16.69
Tuktoyaktuk,90,CA,17-06-2020,87,69.45,-133.04,48.2,5.82
Dunedin,97,NZ,17-06-2020,86,-45.87,170.5,44.01,15.99
Posse,15,BR,17-06-2020,50,-14.09,-46.37,75.6,12.24
Ust'-Karsk,41,RU,17-06-2020,89,52.7,118.81,55.63,1.74
Vila Franca do Campo,20,PT,17-06-2020,72,37.72,-25.43,66.2,20.8
Beloha,56,MG,17-06-2020,80,-25.17,45.05,63.36,13.65
Mount Gambier,95,AU,17-06-2020,87,-37.83,140.77,44.6,6.93
Marawi,100,PH,17-06-2020,93,8.0,124.29,67.91,3.8
Saint Anthony,1,US,17-06-2020,38,45.02,-93.22,88.0,13.87
Kalmunai,100,LK,17-06-2020,73,7.42,81.82,82.85,9.51
Rewāri,18,IN,17-06-2020,59,28.18,76.62,96.01,8.05
Vardø,22,NO,17-06-2020,75,70.37,31.11,44.6,11.41
Faya,40,SA,17-06-2020,50,18.39,42.45,78.8,5.21
Saint-Philippe,75,RE,17-06-2020,82,-21.36,55.77,69.8,25.28
Hobart,0,AU,17-06-2020,83,-42.88,147.33,36.0,8.05
Mar del Plata,90,AR,17-06-2020,100,-38.0,-57.56,64.4,6.93
Arraial do Cabo,40,BR,17-06-2020,69,-22.97,-42.03,75.2,16.11
Coyhaique,90,CL,17-06-2020,93,-45.58,-72.07,41.0,2.24
Jamestown,1,US,17-06-2020,44,42.1,-79.24,78.01,8.05
Esperance,90,AU,17-06-2020,82,-33.87,121.9,57.2,12.75
Atasū,66,KZ,17-06-2020,67,48.68,71.64,53.26,7.76
Busselton,14,AU,17-06-2020,53,-33.65,115.33,53.01,18.54
Kapaa,75,US,17-06-2020,83,22.08,-159.32,78.01,8.05
Ginda,35,IN,17-06-2020,52,30.69,78.49,68.9,4.72
Rome,1,US,17-06-2020,30,43.21,-75.46,84.0,10.29
Hilo,90,US,17-06-2020,73,19.73,-155.09,75.2,3.36
Touros,40,BR,17-06-2020,74,-5.2,-35.46,82.4,13.87
Evensk,0,RU,17-06-2020,76,61.95,159.23,52.65,0.81
Te Anau,20,NZ,17-06-2020,85,-45.42,167.72,36.57,5.39
Ati,100,TD,17-06-2020,50,13.22,18.34,84.85,8.9
Entebbe,20,UG,17-06-2020,78,0.06,32.45,71.6,12.75
Talnakh,100,RU,17-06-2020,93,69.49,88.4,37.4,8.95
Shubarshi,0,KZ,17-06-2020,37,48.59,57.19,70.68,8.48
Cape Town,0,ZA,17-06-2020,81,-33.93,18.42,53.01,1.12
Severo-Kuril'sk,100,RU,17-06-2020,90,50.68,156.12,42.26,8.19
Hachinohe,40,JP,17-06-2020,93,40.5,141.5,57.2,2.24
Cabo San Lucas,5,MX,17-06-2020,52,22.89,-109.91,89.6,3.36
Kerema,100,PG,17-06-2020,85,-7.96,145.78,76.12,3.51
Atuona,0,PF,17-06-2020,71,-9.8,-139.03,80.47,15.61
Menongue,0,AO,17-06-2020,52,-14.66,17.69,56.03,5.14
Bonthe,72,SL,17-06-2020,84,7.53,-12.51,81.37,7.56
Eureka,0,US,17-06-2020,69,40.8,-124.16,71.01,7.0
Kulhudhuffushi,100,MV,17-06-2020,79,6.62,73.07,84.47,14.83
Harper,65,LR,17-06-2020,85,4.38,-7.72,78.19,12.3
Torbay,75,CA,17-06-2020,33,47.67,-52.73,75.2,23.04
Pontianak,99,ID,17-06-2020,88,-0.03,109.33,77.0,0.67
Samarai,100,PG,17-06-2020,83,-10.62,150.67,79.0,14.5
Port Alfred,0,ZA,17-06-2020,86,-33.59,26.89,55.0,5.01
Dikson,94,RU,17-06-2020,92,73.51,80.55,32.94,1.19
Collie,21,AU,17-06-2020,53,-33.37,116.15,53.01,7.65
Acapulco de Juárez,5,MX,17-06-2020,66,16.86,-99.89,91.4,10.29
Ust-Nera,62,RU,17-06-2020,50,64.57,143.2,65.75,4.23
Hermanus,0,ZA,17-06-2020,49,-34.42,19.23,61.74,5.59
Kaitangata,20,NZ,17-06-2020,71,-46.28,169.85,43.0,5.01
Puerto Ayora,75,EC,17-06-2020,83,-0.74,-90.35,73.4,16.11
Trairi,0,BR,17-06-2020,81,-3.28,-39.27,81.5,9.93
São João da Barra,40,BR,17-06-2020,57,-21.64,-41.05,77.0,17.22
Tuatapere,37,NZ,17-06-2020,83,-46.13,167.68,39.0,3.0
Kamenka,0,RU,17-06-2020,62,51.32,42.77,69.01,3.0
San Quintín,0,MX,17-06-2020,59,30.48,-115.95,70.03,12.5
Matara,66,LK,17-06-2020,89,5.95,80.54,79.52,8.86
Port Moresby,40,PG,17-06-2020,100,-9.44,147.18,75.2,5.82
Barrow,90,US,17-06-2020,80,71.29,-156.79,39.2,11.41
Salalah,90,OM,17-06-2020,83,17.02,54.09,84.2,3.36
Miraflores,40,MX,17-06-2020,36,19.22,-98.81,77.0,4.7
Kavaratti,100,IN,17-06-2020,77,10.57,72.64,85.14,20.42
Upernavik,0,GL,17-06-2020,86,72.79,-56.15,34.92,4.25
Krasnosel'kup,100,RU,17-06-2020,70,65.7,82.47,40.66,2.68
Sobolevo,0,RU,17-06-2020,83,54.43,31.9,65.55,6.82
Yellowknife,40,CA,17-06-2020,50,62.46,-114.35,57.99,10.29
East London,0,ZA,17-06-2020,75,-33.02,27.91,62.2,13.49
Kargasok,0,RU,17-06-2020,66,59.06,80.86,54.77,10.27
Srednekolymsk,0,RU,17-06-2020,37,67.45,153.68,75.74,5.68
Camocim,22,BR,17-06-2020,66,-2.9,-40.84,85.64,8.99
Cidreira,24,BR,17-06-2020,81,-30.18,-50.21,66.92,10.63
Oranjemund,0,NA,17-06-2020,30,-28.55,16.43,68.86,17.2
Bredasdorp,0,ZA,17-06-2020,87,-34.53,20.04,50.0,3.78
Nome,1,US,17-06-2020,63,64.5,-165.41,69.01,4.7
Kutum,12,SD,17-06-2020,32,14.2,24.67,80.8,5.23
Lebu,0,CL,17-06-2020,85,-37.62,-73.65,54.0,10.92
Pietermaritzburg,100,ZA,17-06-2020,78,-29.62,30.39,69.01,2.55
Tasiilaq,75,GL,17-06-2020,86,65.61,-37.64,39.2,29.97
Buy,0,RU,17-06-2020,87,58.48,41.53,61.72,6.46
Palana,100,RU,17-06-2020,90,59.12,159.97,45.34,10.78
Kailua,75,US,17-06-2020,46,21.4,-157.74,91.4,9.17
Villefontaine,91,FR,17-06-2020,56,45.61,5.15,68.0,8.05
Angleton,1,US,17-06-2020,43,29.17,-95.43,90.0,10.29
Port Lincoln,0,AU,17-06-2020,62,-34.73,135.87,55.9,17.4
Leningradskiy,86,RU,17-06-2020,57,69.38,178.42,47.26,8.32
Imbituba,75,BR,17-06-2020,78,-28.24,-48.67,71.6,17.22
Nyírmada,34,HU,17-06-2020,88,48.07,22.2,66.2,1.12
Morro Bay,0,US,17-06-2020,40,35.37,-120.85,81.0,3.0
Marquette,5,US,17-06-2020,34,46.53,-87.63,82.4,14.99
Bengkulu,96,ID,17-06-2020,85,-3.8,102.27,77.36,4.03
Portland,75,US,17-06-2020,59,45.52,-122.68,66.0,4.7
Menomonie,1,US,17-06-2020,34,44.88,-91.92,82.0,14.99
Ola,60,RU,17-06-2020,90,59.58,151.28,47.37,7.36
Padang,52,ID,17-06-2020,79,-0.95,100.35,78.1,5.23
Mayahi,0,NE,17-06-2020,11,13.96,7.67,99.84,2.57
Arrondissement d'Arcachon,75,FR,17-06-2020,72,44.59,-1.05,63.0,9.17
Nadym,1,RU,17-06-2020,70,65.53,72.52,40.46,4.7
Nyagan,100,RU,17-06-2020,84,62.14,65.39,43.38,4.65
Bluff,9,NZ,17-06-2020,83,-46.6,168.33,39.0,3.0
Longyearbyen,20,SJ,17-06-2020,76,78.22,15.64,39.2,4.7
Sandpoint,75,US,17-06-2020,63,48.28,-116.55,66.99,10.29
Zhangaözen,89,KZ,17-06-2020,16,43.3,52.8,80.37,12.68
Örnsköldsvik,80,SE,17-06-2020,87,63.29,18.72,57.2,4.7
São Miguel do Araguaia,0,BR,17-06-2020,39,-13.28,-50.16,85.33,8.08
Campbell River,75,CA,17-06-2020,55,50.02,-125.24,64.4,6.93
Sitka,90,US,17-06-2020,76,57.05,-135.33,53.6,3.36
Kologriv,0,RU,17-06-2020,72,58.83,44.32,54.14,4.38
Mahébourg,75,MU,17-06-2020,88,-20.41,57.7,71.6,18.34
Provideniya,78,RU,17-06-2020,56,64.38,-173.3,55.56,4.18
Vila Velha,40,BR,17-06-2020,64,-20.33,-40.29,75.2,6.93
Khatanga,100,RU,17-06-2020,72,71.97,102.5,48.52,2.84
Aranos,0,NA,17-06-2020,39,-24.13,19.12,50.59,8.5
Araouane,0,ML,17-06-2020,6,18.9,-3.53,106.18,7.05
Hithadhoo,63,MV,17-06-2020,74,-0.6,73.08,84.42,7.83
Olafsvik,100,IS,17-06-2020,78,64.89,-23.71,48.27,7.63
Naze,100,JP,17-06-2020,100,28.37,129.48,78.8,9.17
Cherskiy,79,RU,17-06-2020,35,68.75,161.3,73.31,1.68
Port Blair,100,IN,17-06-2020,82,11.67,92.75,83.12,11.01
Kiryat Gat,0,IL,17-06-2020,44,31.61,34.76,80.01,4.14
Arrondissement de Villeneuve-sur-Lot,20,FR,17-06-2020,68,44.5,0.67,66.2,10.29
Boden,46,SE,17-06-2020,45,65.83,21.69,68.0,2.24
Nanjing,40,CN,17-06-2020,100,32.06,118.78,82.99,4.47
Yerbogachën,0,RU,17-06-2020,70,61.28,108.01,47.53,2.21
Philadelphia,90,US,17-06-2020,64,39.95,-75.16,75.2,13.87
Sampit,93,ID,17-06-2020,96,-2.53,112.95,73.44,1.86
Isabela,75,PH,17-06-2020,94,6.71,121.97,78.8,1.12
Lavrentiya,0,RU,17-06-2020,67,65.58,-171.0,48.2,3.42
Zyryanka,32,RU,17-06-2020,47,65.75,150.85,72.52,3.18
Winder,75,US,17-06-2020,56,33.99,-83.72,75.0,5.82
Columbus,75,US,17-06-2020,39,39.96,-83.0,81.0,11.41
Hambantota,100,LK,17-06-2020,100,6.12,81.12,80.6,6.93
Tilichiki,13,RU,17-06-2020,75,60.47,166.1,49.32,2.06
Yaan,100,NG,17-06-2020,88,7.38,8.57,76.06,11.97
Guerrero Negro,0,MX,17-06-2020,51,27.98,-114.06,73.17,14.5
Assiniboia,100,CA,17-06-2020,78,49.63,-105.98,58.3,13.56
Pimentel,20,PE,17-06-2020,60,-6.84,-79.93,73.4,16.11
Erenhot,1,CN,17-06-2020,48,43.65,111.98,68.54,5.01
Saint George,1,US,17-06-2020,26,37.1,-113.58,80.6,8.05
Amapá,100,BR,17-06-2020,95,1.0,-52.0,78.76,3.83
Faanui,100,PF,17-06-2020,80,-16.48,-151.75,80.98,10.96
Bekwai,100,GH,17-06-2020,95,6.45,-1.58,74.12,4.43
New Kensington,100,US,17-06-2020,57,40.57,-79.76,75.99,3.0
Nipawin,90,CA,17-06-2020,100,53.37,-104.0,48.2,17.22
Klaksvík,93,FO,17-06-2020,87,62.23,-6.59,50.0,11.41
Trincomalee,100,LK,17-06-2020,75,8.57,81.23,83.34,19.04
Katobu,74,ID,17-06-2020,89,-4.94,122.53,75.49,4.85
Lagoa,99,PT,17-06-2020,78,39.05,-27.98,63.57,10.38
Vwawa,0,TZ,17-06-2020,89,-9.12,32.93,51.39,7.52
Bethel,1,US,17-06-2020,50,41.37,-73.41,82.0,6.55
Kiunga,85,PG,17-06-2020,98,-6.12,141.29,70.34,0.36
Fortuna,20,US,17-06-2020,68,40.6,-124.16,66.0,14.99
Flinders,99,AU,17-06-2020,88,-34.58,150.86,53.01,2.89
Puri,75,IN,17-06-2020,89,19.8,85.85,84.2,14.99
Jadu,0,LY,17-06-2020,16,31.95,12.03,84.65,5.77
Chu,0,KZ,17-06-2020,62,43.6,73.76,57.9,5.35
Constitución,100,CL,17-06-2020,92,-35.33,-72.42,52.7,6.4
Vila,20,PT,17-06-2020,67,42.03,-8.16,63.0,5.82
Ribeira Grande,40,PT,17-06-2020,72,38.52,-28.7,68.0,9.17
Ambatondrazaka,15,MG,17-06-2020,85,-17.83,48.42,54.03,8.05
Sasovo,100,RU,17-06-2020,86,54.35,41.92,66.49,1.01
Camacha,75,PT,17-06-2020,77,33.08,-16.33,68.0,3.36
Rawson,85,AR,17-06-2020,42,-43.3,-65.1,59.41,12.71
Shenjiamen,99,CN,17-06-2020,88,29.96,122.3,77.29,11.03
Semey,60,KZ,17-06-2020,41,50.41,80.23,68.54,12.75
Homer,1,US,17-06-2020,58,59.64,-151.55,59.0,14.99
Cabra,0,ES,17-06-2020,33,37.47,-4.44,81.0,5.99
Bathsheba,75,BB,17-06-2020,70,13.22,-59.52,86.0,17.22
Vao,58,NC,17-06-2020,76,-22.67,167.48,72.5,13.24
Alugan,100,PH,17-06-2020,81,12.22,125.48,80.96,2.98
Seymchan,0,RU,17-06-2020,68,62.88,152.43,63.52,0.63
Narsaq,75,GL,17-06-2020,61,60.92,-46.05,46.4,9.17
Fairbanks,20,US,17-06-2020,45,64.84,-147.72,69.01,2.84
Alice Springs,0,AU,17-06-2020,47,-23.7,133.88,37.4,3.36
Paphos,0,CY,17-06-2020,69,34.77,32.42,73.4,6.93
Henties Bay,0,NA,17-06-2020,39,-22.12,14.28,71.89,12.77
Villa Rica,50,US,17-06-2020,68,33.73,-84.92,79.0,5.82
Colares,20,PT,17-06-2020,63,38.8,-9.45,68.0,13.87
Ponta do Sol,40,PT,17-06-2020,72,32.67,-17.1,73.0,6.93
Freeport,90,US,17-06-2020,47,40.66,-73.58,78.8,8.05
Krasnofarfornyy,33,RU,17-06-2020,90,59.14,31.85,68.81,3.69
Ileza,0,RU,17-06-2020,61,61.05,43.9,49.37,4.21
San Cristobal,40,VE,17-06-2020,55,7.77,-72.22,87.8,14.99
Mursalimkino,0,RU,17-06-2020,90,55.04,58.56,49.08,4.18
Assiut,0,EG,17-06-2020,25,27.18,31.18,98.6,11.41
La Rioja,100,ES,17-06-2020,55,42.25,-2.5,66.2,3.36
Vallenar,24,CL,17-06-2020,56,-28.57,-70.76,60.26,2.98
Kearney,1,US,17-06-2020,41,40.7,-99.08,91.4,35.57
Kapuskasing,75,CA,17-06-2020,38,49.42,-82.43,87.8,14.99
Wamba,73,NG,17-06-2020,82,8.93,8.6,77.43,2.13
Wajima,100,JP,17-06-2020,79,37.4,136.9,65.26,5.44
Biak,73,ID,17-06-2020,84,-0.91,122.88,77.43,7.18
Dongsheng,0,CN,17-06-2020,51,39.82,109.98,62.44,6.96
Yerköy,58,TR,17-06-2020,64,39.64,34.47,65.14,4.34
Robertsport,45,LR,17-06-2020,87,6.75,-11.37,79.66,12.53
Nuuk,75,GL,17-06-2020,86,64.18,-51.72,39.2,5.82
Kielce,50,PL,17-06-2020,1,50.87,20.63,68.0,5.77
Port Hawkesbury,1,CA,17-06-2020,39,45.62,-61.35,79.0,9.17
La Ronge,90,CA,17-06-2020,76,55.1,-105.28,48.2,18.34
Hong Kong,0,HK,17-06-2020,70,22.29,114.16,84.0,5.01
Hokitika,100,NZ,17-06-2020,79,-42.72,170.97,48.31,9.31
Warri,100,NG,17-06-2020,93,5.52,5.75,75.52,4.9
Norman Wells,20,CA,17-06-2020,49,65.28,-126.83,73.4,13.87
Bay Roberts,100,CA,17-06-2020,100,47.6,-53.26,73.0,8.01
Marsh Harbour,66,BS,17-06-2020,77,26.54,-77.06,80.06,12.91
Luleå,79,SE,17-06-2020,45,65.58,22.15,68.0,2.24
Stephenville,1,US,17-06-2020,27,32.22,-98.2,90.0,17.22
Muzhi,12,RU,17-06-2020,73,65.37,64.67,39.07,10.96
Saint-Pierre,75,RE,17-06-2020,82,-21.34,55.48,68.0,25.28
Hondomachi-hondo,100,JP,17-06-2020,91,32.45,130.2,68.14,9.98
Rocha,100,UY,17-06-2020,74,-34.48,-54.33,71.74,13.22
Praia,0,CV,17-06-2020,66,14.92,-23.51,84.2,10.29
Kurmanayevka,96,RU,17-06-2020,85,52.51,52.07,65.89,5.66
Roald,73,NO,17-06-2020,68,62.58,6.13,64.4,11.41
Laguna,1,US,17-06-2020,26,38.42,-121.42,81.0,20.8
Orlik,0,RU,17-06-2020,82,52.52,99.83,44.42,0.54
Shushenskoye,100,RU,17-06-2020,81,53.33,91.94,53.6,2.71
Mandan,90,US,17-06-2020,69,46.83,-100.89,80.6,11.41
Klyuchi,100,RU,17-06-2020,68,52.27,79.17,60.49,11.48
Brixen,75,IT,17-06-2020,82,46.72,11.66,69.8,2.51
Pevek,95,RU,17-06-2020,63,69.7,170.31,44.55,5.64
Tezu,94,IN,17-06-2020,79,27.92,96.17,77.34,0.18
Anchorage,75,US,17-06-2020,66,61.22,-149.9,57.0,6.93
Lorengau,14,PG,17-06-2020,77,-2.02,147.27,80.58,6.11
Seddon,0,AU,17-06-2020,93,-37.81,144.89,43.0,6.93
Ilulissat,40,GL,17-06-2020,75,69.22,-51.1,41.0,6.93
Maţāy,0,EG,17-06-2020,44,28.42,30.78,82.22,21.12
Coxen Hole,75,HN,17-06-2020,74,16.32,-86.54,86.0,19.46
Klin,96,RU,17-06-2020,53,56.33,36.73,75.2,6.71
Daigo,75,JP,17-06-2020,93,36.77,140.35,62.6,3.36
Wuda,0,CN,17-06-2020,40,39.5,106.71,71.46,13.13
Chokurdakh,48,RU,17-06-2020,48,70.63,147.92,65.07,9.91
Uniontown,40,US,17-06-2020,49,39.9,-79.72,73.4,9.17
Takaka,100,NZ,17-06-2020,93,-40.85,172.8,53.01,2.66
Hamilton,1,US,17-06-2020,44,39.18,-84.53,82.4,10.29
Souillac,75,MU,17-06-2020,88,-20.52,57.52,71.6,18.34
Dubai,0,AE,17-06-2020,59,25.26,55.3,95.0,4.7
Burhaniye,40,TR,17-06-2020,69,39.5,26.97,75.2,9.17
Berlevåg,8,NO,17-06-2020,81,70.86,29.09,46.4,14.99
Tatvan,0,TR,17-06-2020,47,38.51,42.28,60.08,1.36
Shima,63,CN,17-06-2020,79,24.45,117.81,84.2,6.71
Mana,84,GF,17-06-2020,84,5.66,-53.78,81.73,7.56
Abu Kamal,0,SY,17-06-2020,16,34.45,40.92,91.18,18.19
Paamiut,98,GL,17-06-2020,88,61.99,-49.67,35.22,1.83
Barguzin,0,RU,17-06-2020,69,53.62,109.62,47.23,3.38
Geraldton,40,AU,17-06-2020,63,-28.77,114.6,64.4,17.22
Gornopravdinsk,0,RU,17-06-2020,90,60.05,69.9,42.6,4.38
Bzenec,4,CZ,17-06-2020,70,48.97,17.27,70.0,8.03
Esim,93,GH,17-06-2020,86,4.87,-2.24,77.88,12.46
Grand Gaube,66,MU,17-06-2020,90,-20.01,57.66,69.01,10.0
Luwuk,83,ID,17-06-2020,81,-0.95,122.79,78.3,5.88
College,75,US,17-06-2020,52,64.86,-147.8,69.01,2.84
Cornwall,1,CA,17-06-2020,34,45.02,-74.73,84.0,6.93
St Albans,100,GB,17-06-2020,77,51.75,-0.33,66.99,8.05
Sal Rei,1,CV,17-06-2020,51,16.18,-22.92,84.2,25.28
Saint Paul Harbor,90,US,17-06-2020,93,57.79,-152.41,50.0,16.11
Dagua,75,CO,17-06-2020,65,3.66,-76.69,80.6,6.93
Andra,100,RU,17-06-2020,91,62.51,65.89,41.68,4.14
Lüderitz,0,NA,17-06-2020,23,-26.65,15.16,69.98,7.85
Yumen,100,CN,17-06-2020,18,40.28,97.2,73.9,7.54
Muskegon,20,US,17-06-2020,36,43.3,-86.13,82.4,11.41
San Patricio,20,MX,17-06-2020,74,19.22,-104.7,87.8,9.17
San Clemente,30,US,17-06-2020,86,33.43,-117.61,68.0,1.01
Iqaluit,75,CA,17-06-2020,65,63.75,-68.51,41.0,12.75
Kayerkan,100,RU,17-06-2020,93,69.35,87.76,37.4,8.95
Rudnogorsk,0,RU,17-06-2020,85,57.26,103.75,42.48,0.67
Salinas,1,US,17-06-2020,29,36.68,-121.66,78.8,6.64
Mackay,75,AU,17-06-2020,88,-21.15,149.2,68.0,16.11
Togur,28,RU,17-06-2020,79,58.36,82.83,50.74,6.11
Ardatov,100,RU,17-06-2020,90,55.24,43.1,64.49,6.49
Abu Samrah,0,SY,17-06-2020,42,35.3,37.18,76.3,14.38
Oktyabr'skoye,100,RU,17-06-2020,93,43.06,44.74,66.2,8.95
Itoman,20,JP,17-06-2020,94,26.12,127.67,82.4,12.75
Sertã,0,PT,17-06-2020,54,39.81,-8.1,73.99,1.99
Egvekinot,59,RU,17-06-2020,40,66.32,-179.17,56.53,1.74
Dingle,100,PH,17-06-2020,81,11.0,122.67,77.83,3.13
Médéa,20,DZ,17-06-2020,69,36.26,2.75,73.4,6.93
Dicabisagan,96,PH,17-06-2020,79,17.08,122.42,77.45,4.56
Krasnogorsk,96,RU,17-06-2020,53,55.82,37.32,80.01,6.71
Quatre Cocos,75,MU,17-06-2020,88,-20.21,57.76,71.6,18.34
Piaçabuçu,2,BR,17-06-2020,73,-10.41,-36.43,78.22,11.72
Hamadan,0,IR,17-06-2020,22,34.8,48.51,70.61,7.29
Lázaro Cárdenas,0,MX,17-06-2020,55,17.96,-102.2,88.14,9.4
Medina del Campo,81,ES,17-06-2020,39,41.31,-4.91,70.0,2.24
Santa Maria,0,BR,17-06-2020,68,-29.68,-53.81,75.9,7.29
Iskateley,100,RU,17-06-2020,75,67.68,53.15,38.7,16.51
Eirunepé,0,BR,17-06-2020,38,-6.66,-69.87,92.5,3.0
Port-Gentil,40,GA,17-06-2020,88,-0.72,8.78,75.2,6.93
Yangi Marg`ilon,0,UZ,17-06-2020,43,40.43,71.72,69.8,4.7
Mama,99,RU,17-06-2020,82,58.31,112.9,53.35,1.9
Hasaki,75,JP,17-06-2020,93,35.73,140.83,66.2,8.05
Omboué,100,GA,17-06-2020,89,-1.57,9.26,73.27,6.91
Tabas,0,IR,17-06-2020,11,33.6,56.92,96.8,6.93
Bubaque,0,GW,17-06-2020,87,11.28,-15.83,80.38,15.73
Balabac,35,PH,17-06-2020,75,7.99,117.06,83.05,8.1
Isangel,20,VU,17-06-2020,83,-19.55,169.27,71.6,9.17
Raudeberg,40,NO,17-06-2020,86,61.99,5.14,62.01,1.48
Moctezuma,0,MX,17-06-2020,16,29.8,-109.67,97.39,10.85
Kotido,81,UG,17-06-2020,83,2.98,34.13,68.68,4.12
Maningrida,26,AU,17-06-2020,94,-12.07,134.27,68.92,9.89
Ullapool,78,GB,17-06-2020,89,57.9,-5.16,57.99,4.0
Sørland,23,NO,17-06-2020,81,67.67,12.69,53.6,13.87
Cap Malheureux,47,MU,17-06-2020,90,-19.98,57.61,69.01,10.0
Panama City,40,PA,17-06-2020,79,8.99,-79.52,89.01,4.7
Vanimo,5,PG,17-06-2020,84,-2.67,141.3,76.48,3.76
Chyhyryn,100,UA,17-06-2020,84,49.08,32.66,68.54,7.2
Los Llanos de Aridane,40,ES,17-06-2020,78,28.66,-17.92,75.2,8.05
New Norfolk,0,AU,17-06-2020,88,-42.78,147.06,34.0,2.33
Nanortalik,100,GL,17-06-2020,76,60.14,-45.24,39.22,10.42
Wanning,0,CN,17-06-2020,85,18.8,110.4,80.37,9.01
Bouza,79,NE,17-06-2020,17,14.42,6.04,101.26,5.73
Barranca,1,PE,17-06-2020,68,-10.75,-77.77,68.25,13.62
Pleasanton,1,US,17-06-2020,20,37.66,-121.87,81.0,8.21
Halden,9,NO,17-06-2020,56,59.12,11.39,71.6,6.93
Oktyabr'skiy,0,RU,17-06-2020,89,54.48,53.47,60.94,3.31
Dehlorān,0,IR,17-06-2020,11,32.69,47.27,93.02,10.8
Otane,100,NZ,17-06-2020,93,-39.88,176.63,46.0,3.53
Safi,100,MA,17-06-2020,73,32.3,-9.24,71.06,17.67
Ahipara,100,NZ,17-06-2020,89,-35.17,173.17,60.35,15.68
Bantry,75,IE,17-06-2020,87,51.68,-9.45,59.0,5.82
Sioux Lookout,40,CA,17-06-2020,45,50.1,-91.92,87.8,12.75
Hay River,75,CA,17-06-2020,67,60.82,-115.8,57.2,13.87
Roslavl',0,RU,17-06-2020,82,53.95,32.86,66.29,7.61
Tautira,75,PF,17-06-2020,83,-17.73,-149.15,78.8,6.93
Lompoc,8,US,17-06-2020,56,34.64,-120.46,73.99,9.17
Lubao,75,PH,17-06-2020,88,14.92,120.55,80.6,2.24
Mount Isa,0,AU,17-06-2020,42,-20.73,139.5,64.4,4.7
Sungai Penuh,92,ID,17-06-2020,94,-2.08,101.38,65.01,2.1
Shingū,100,JP,17-06-2020,73,33.73,135.98,68.34,3.56
Bānapur,100,IN,17-06-2020,79,19.78,85.18,84.16,12.35
Dilla,35,ET,17-06-2020,84,6.41,38.31,62.24,3.83
Kumul,100,CN,17-06-2020,13,42.8,93.45,85.57,4.76
Marabba,46,SD,17-06-2020,38,12.35,32.18,92.19,7.61
Katsuura,75,JP,17-06-2020,88,35.13,140.3,69.8,9.17
Bowen,90,AU,17-06-2020,88,-20.02,148.23,70.0,12.75
Edmundston,1,CA,17-06-2020,30,47.37,-68.33,86.0,12.75
Camaná,19,PE,17-06-2020,73,-16.62,-72.71,65.98,13.15
Neiafu,20,TO,17-06-2020,69,-18.65,-173.98,73.4,9.17
Alappuzha,100,IN,17-06-2020,81,9.49,76.33,80.78,5.53
Northam,100,GB,17-06-2020,95,51.03,-4.22,57.99,1.99
Radom,71,PL,17-06-2020,93,51.4,21.15,71.01,10.0
São Filipe,0,CV,17-06-2020,77,14.9,-24.5,76.91,11.65
Cheyenne,1,US,17-06-2020,10,41.14,-104.82,84.99,9.17
Hofn,0,IS,17-06-2020,64,64.25,-15.21,49.6,7.65
Martapura,93,ID,17-06-2020,92,-3.42,114.85,75.6,2.24
Kenai,20,US,17-06-2020,62,60.55,-151.26,57.2,13.87
Conde,40,BR,17-06-2020,69,-7.26,-34.91,82.4,16.11
Pirapozinho,0,BR,17-06-2020,37,-22.28,-51.5,82.4,11.41
Grindavik,75,IS,17-06-2020,76,63.84,-22.43,48.2,16.11
Union,1,US,17-06-2020,39,40.63,-74.27,80.01,4.7
Neftçala,100,AZ,17-06-2020,64,39.37,49.25,77.45,13.02
Zyryanskoye,0,RU,17-06-2020,90,56.83,86.63,48.92,6.73
Demyansk,13,RU,17-06-2020,83,57.64,32.47,70.66,4.92
Port Hedland,0,AU,17-06-2020,82,-20.32,118.57,62.6,5.82
Gaza,0,PS,17-06-2020,44,31.5,34.47,73.0,8.81
Banda Aceh,100,ID,17-06-2020,80,5.56,95.32,81.19,6.22
Port Hardy,75,CA,17-06-2020,82,50.7,-127.42,57.2,6.93
Marataizes,21,BR,17-06-2020,72,-21.04,-40.82,72.28,10.09
Monrovia,38,LR,17-06-2020,88,6.3,-10.8,78.98,12.48
Xining,0,CN,17-06-2020,62,36.62,101.77,52.54,2.35
Rāīwāla Bara,22,IN,17-06-2020,32,30.02,78.22,88.23,2.93
Houma,40,US,17-06-2020,48,29.6,-90.72,90.0,8.05
Taormina,0,IT,17-06-2020,78,37.85,15.29,72.0,5.99
La Macarena,99,CO,17-06-2020,75,2.18,-73.78,79.7,4.81
Uray,94,RU,17-06-2020,56,60.12,64.78,50.36,4.76
Poronaysk,100,RU,17-06-2020,96,49.22,143.12,45.19,8.72
Hermiston,1,US,17-06-2020,35,45.84,-119.29,72.0,10.29
Margate,100,GB,17-06-2020,80,51.38,1.39,64.99,6.35
Moranbah,100,AU,17-06-2020,85,-22.0,148.05,58.69,18.81
Annau,75,TM,17-06-2020,20,37.89,58.52,86.0,9.17
Sompeta,100,IN,17-06-2020,80,18.93,84.6,84.06,13.11
Gizo Government Station,99,SB,17-06-2020,79,-8.1,156.84,82.15,13.53
Havre-St-Pierre,90,CA,17-06-2020,72,50.23,-63.6,60.8,10.29
Aleksandrov Gay,0,RU,17-06-2020,50,50.15,48.57,72.99,7.87
Cauquenes,100,CL,17-06-2020,91,-35.97,-72.32,51.1,3.2
Bambanglipuro,31,ID,17-06-2020,88,-7.95,110.28,77.4,8.59
Bogorodskoye,100,RU,17-06-2020,84,56.55,37.88,68.58,2.64
Aklavik,40,CA,17-06-2020,67,68.22,-135.01,59.0,8.05
Pinega,0,RU,17-06-2020,71,64.7,43.39,46.67,5.44
Ratnagiri,100,IN,17-06-2020,83,16.98,73.3,81.68,12.97
Taoudenni,0,ML,17-06-2020,7,22.68,-3.98,105.87,11.16
Key West,40,US,17-06-2020,70,24.56,-81.78,87.8,11.41
Noshiro,61,JP,17-06-2020,78,40.2,140.02,59.41,4.9
Darovskoy,0,RU,17-06-2020,65,58.77,47.96,51.04,4.81
Prainha,39,BR,17-06-2020,54,-1.8,-53.48,89.13,5.35
Emilio Carranza,30,MX,17-06-2020,66,19.97,-96.61,84.24,7.34
Kourou,84,GF,17-06-2020,88,5.16,-52.65,80.6,3.36
Alihe,97,CN,17-06-2020,90,50.57,123.72,47.3,0.96
Sivas Province,75,TR,17-06-2020,87,39.79,37.0,53.6,13.87
Luba,40,GQ,17-06-2020,88,3.46,8.55,77.0,4.7
Phatthalung,100,TH,17-06-2020,83,7.5,100.08,78.89,3.36
Porto Belo,75,BR,17-06-2020,83,-27.16,-48.55,72.0,18.34
Mahon,20,ES,17-06-2020,64,39.89,4.27,69.8,6.93
Akureyri,26,IS,17-06-2020,58,65.68,-18.09,55.4,9.17
Hobyo,100,SO,17-06-2020,70,5.35,48.53,80.26,25.26
High Level,90,CA,17-06-2020,76,58.52,-117.14,57.2,6.93
Marfino,92,RU,17-06-2020,57,55.7,37.38,80.01,4.47
Kikwit,6,CD,17-06-2020,35,-5.04,18.82,73.04,1.5
Nacala,75,MZ,17-06-2020,77,-14.54,40.67,68.0,9.17
Ugoofaaru,100,MV,17-06-2020,80,5.67,73.0,84.29,13.53
Praia da Vitória,75,PT,17-06-2020,72,38.73,-27.07,66.2,11.36
Grants,1,US,17-06-2020,6,35.15,-107.85,84.2,9.17
Inhambane,75,MZ,17-06-2020,100,-23.86,35.38,64.4,6.93
Fengzhen,100,CN,17-06-2020,60,40.44,113.15,62.69,3.85
Arkhipo-Osipovka,0,RU,17-06-2020,75,44.37,38.52,75.25,11.86
Taseyevo,0,RU,17-06-2020,69,57.22,94.9,47.84,5.5
Terrace Bay,40,CA,17-06-2020,63,48.78,-87.1,62.6,8.05
Obo,100,CF,17-06-2020,96,5.4,26.49,69.26,3.6
Magadan,59,RU,17-06-2020,89,59.57,150.8,47.05,6.44
Pirovskoye,0,RU,17-06-2020,74,57.63,92.27,47.12,6.6
Broome,1,US,17-06-2020,36,42.25,-75.83,81.0,4.74
Ayagoz,11,KZ,17-06-2020,66,47.97,80.44,57.24,14.72
Piedras Negras,75,MX,17-06-2020,52,28.7,-100.52,89.6,13.87
Bluefield,90,US,17-06-2020,93,37.27,-81.22,60.01,9.17
Maniitsoq,68,GL,17-06-2020,84,65.42,-52.9,36.12,5.75
Sidi Ali,87,DZ,17-06-2020,64,36.1,0.42,70.66,1.79
Khandyga,0,RU,17-06-2020,62,62.67,135.6,57.83,0.25
Jahāzpur,100,IN,17-06-2020,32,25.62,75.28,95.7,14.85
Lashio,100,MM,17-06-2020,100,22.93,97.75,69.87,2.21
Alyangula,0,AU,17-06-2020,93,-13.85,136.42,66.2,10.49
Bismarck,20,US,17-06-2020,54,46.81,-100.78,80.6,9.17
Kandiaro,0,PK,17-06-2020,19,27.06,68.21,100.76,24.0
Takoradze,68,GH,17-06-2020,86,4.88,-1.76,78.01,13.76
Luján,100,AR,17-06-2020,54,-34.57,-59.1,80.6,14.99
Gigmoto,100,PH,17-06-2020,82,13.78,124.39,80.83,4.76
Saldanha,0,ZA,17-06-2020,51,-33.01,17.94,59.0,5.82
Itaituba,40,BR,17-06-2020,55,-4.28,-55.98,91.4,5.82
Rio Grande,99,BR,17-06-2020,54,-32.03,-52.1,80.6,12.75
Sirte,0,LY,17-06-2020,48,31.21,16.59,76.41,13.87
Piney Green,90,US,17-06-2020,73,34.72,-77.32,73.99,6.93
Pacific Grove,1,US,17-06-2020,59,36.62,-121.92,78.8,4.7
Varniai,40,LT,17-06-2020,69,55.74,22.36,77.0,9.17
Necochea,100,AR,17-06-2020,99,-38.55,-58.74,62.01,1.01
Nizwá,47,OM,17-06-2020,27,22.93,57.53,93.13,3.38
Kodinsk,71,RU,17-06-2020,57,58.69,99.18,48.13,2.93
Hirara,100,JP,17-06-2020,85,24.8,125.28,83.89,21.16
Birin,100,NP,17-06-2020,100,26.89,88.07,64.9,3.94
Beringovskiy,0,RU,17-06-2020,66,63.05,179.32,48.99,1.32
Pijijiapan,100,MX,17-06-2020,69,15.7,-93.23,86.05,6.58
Kupang,100,ID,17-06-2020,76,-10.17,123.58,76.6,13.58
Blagoyevo,26,RU,17-06-2020,75,63.37,47.92,46.06,3.89
Linguère,0,SN,17-06-2020,12,15.4,-15.12,107.71,2.75
Aswān,0,EG,17-06-2020,10,24.09,32.91,92.8,5.14
Garautha,100,IN,17-06-2020,38,25.57,79.3,94.68,11.72
Sisimiut,73,GL,17-06-2020,79,66.94,-53.67,37.53,10.96
Urucará,42,BR,17-06-2020,61,-2.54,-57.76,87.26,4.5
Rehoboth,0,NA,17-06-2020,44,-23.32,17.08,48.92,5.84
Laas,40,IT,17-06-2020,93,46.62,10.7,60.01,4.21
Zhigansk,100,RU,17-06-2020,91,66.77,123.37,52.84,13.33
Wanaka,100,NZ,17-06-2020,87,-44.7,169.15,35.01,5.39
Khasan,100,RU,17-06-2020,94,42.43,130.64,58.21,10.22
Nouakchott,1,MR,17-06-2020,12,18.09,-15.98,111.2,20.8
Olcea,89,RO,17-06-2020,93,46.68,21.98,64.4,4.7
Port Augusta,0,AU,17-06-2020,93,-32.5,137.77,48.0,6.93
Kununurra,0,AU,17-06-2020,44,-15.77,128.73,71.6,6.93
Osa,0,RU,17-06-2020,72,57.28,55.46,48.92,4.99
Payo,17,ID,17-06-2020,94,-3.75,103.64,72.45,1.81
São Félix do Xingu,54,BR,17-06-2020,56,-6.64,-51.99,86.22,5.14
Madīnat Sittah Uktūbar,0,EG,17-06-2020,45,29.82,31.05,86.0,12.75
Ostrovnoy,0,RU,17-06-2020,74,68.05,39.51,41.79,2.55
Kawalu,100,ID,17-06-2020,92,-7.38,108.21,71.92,0.49
Bahía Blanca,100,AR,17-06-2020,96,-38.72,-62.27,53.22,10.2
Kaduna,100,NG,17-06-2020,86,10.52,7.44,75.02,8.81
Belyy Yar,100,RU,17-06-2020,81,53.6,91.39,53.6,0.92
Balsas,77,BR,17-06-2020,46,-7.53,-46.04,87.3,7.34
Tocopilla,7,CL,17-06-2020,51,-22.09,-70.2,68.22,11.59
Kavieng,7,PG,17-06-2020,74,-2.57,150.8,82.29,7.67
Lingao,0,CN,17-06-2020,75,19.91,109.69,79.32,8.99
Mindelo,0,CV,17-06-2020,48,16.89,-24.98,86.0,27.51
Mikuni,75,JP,17-06-2020,93,36.22,136.15,64.4,3.36
Ust'-Kan,100,RU,17-06-2020,56,50.93,84.76,53.89,4.63
Kongsvinger,0,NO,17-06-2020,56,60.19,12.0,69.8,8.05
Champerico,75,GT,17-06-2020,66,14.3,-91.92,87.8,4.7
Mezen',2,RU,17-06-2020,79,65.85,44.24,39.63,4.27
Bonavista,100,CA,17-06-2020,54,48.65,-53.11,60.24,21.5
Skjervøy,0,NO,17-06-2020,71,70.03,20.97,51.8,2.24
Eydhafushi,100,MV,17-06-2020,80,5.1,73.07,84.24,12.19
Jambi City,36,ID,17-06-2020,95,-1.6,103.62,73.6,2.1
Port Said,0,EG,17-06-2020,66,31.26,32.28,86.0,13.87
Ouallam,100,NE,17-06-2020,21,14.32,2.09,101.82,7.72
Santa Cruz de la Sierra,40,BO,17-06-2020,48,-17.8,-63.17,86.0,29.97
Santa María del Oro,31,MX,17-06-2020,21,25.93,-105.37,86.95,2.19
Boyolangu,42,ID,17-06-2020,89,-8.12,111.89,75.87,5.32
Ellisras,64,ZA,17-06-2020,63,-23.66,27.74,54.88,7.2
Venado Tuerto,100,AR,17-06-2020,59,-33.75,-61.97,74.88,10.69
Nouadhibou,1,MR,17-06-2020,23,20.93,-17.03,98.6,28.86
Iracoubo,99,GF,17-06-2020,79,5.48,-53.2,82.36,7.14
Nefteyugansk,0,RU,17-06-2020,62,61.1,72.6,51.8,6.71
Vawkavysk,98,BY,17-06-2020,88,53.16,24.45,68.14,8.43
Cayenne,87,GF,17-06-2020,88,4.93,-52.33,80.6,3.36
Soe,98,ID,17-06-2020,100,-9.86,124.28,63.25,6.22
Lao Cai,100,VN,17-06-2020,78,22.48,103.95,78.04,1.43
Marion,40,US,17-06-2020,37,39.77,-86.16,84.0,8.05
Anloga,40,GH,17-06-2020,94,5.79,0.9,78.8,13.87
Ingham,1,US,17-06-2020,30,42.6,-84.38,80.6,4.99
Springdale,1,US,17-06-2020,58,36.19,-94.13,84.99,11.41
Sibay,100,RU,17-06-2020,78,52.72,58.67,61.03,7.56
Guánica,90,PR,17-06-2020,63,17.97,-66.91,88.0,7.0
Samur,100,RU,17-06-2020,57,41.83,48.49,69.91,3.27
Itacoatiara,35,BR,17-06-2020,83,-3.14,-58.44,84.2,3.36
Hohhot,40,CN,17-06-2020,67,40.81,111.65,62.6,2.24
Murayama,21,JP,17-06-2020,82,38.52,140.33,56.23,1.05
Cerrito,75,CO,17-06-2020,78,6.84,-72.69,77.0,5.82
Shimoda,100,JP,17-06-2020,93,34.67,138.95,64.0,5.7
Hillsborough,1,US,17-06-2020,40,37.57,-122.38,80.01,5.82
Ibrā’,30,OM,17-06-2020,61,22.69,58.53,87.12,6.38
Kennett,1,US,17-06-2020,42,36.24,-90.06,86.0,9.17
Polyarny,0,RU,17-06-2020,62,69.2,33.45,51.8,4.47
Pecos,1,US,17-06-2020,22,31.42,-103.49,96.8,5.82
Honningsvåg,1,NO,17-06-2020,78,70.98,25.97,45.16,9.01
La Santisima Trinidad,20,BO,17-06-2020,58,-14.83,-64.9,87.8,6.93
Mapiripán,32,CO,17-06-2020,66,2.89,-72.13,84.31,5.35
Winsum,100,NL,17-06-2020,73,53.33,6.52,70.0,11.36
Puerto del Rosario,20,ES,17-06-2020,73,28.5,-13.86,75.2,4.7
Tupik,100,RU,17-06-2020,57,54.43,119.93,55.47,4.27
Mahajanga,20,MG,17-06-2020,50,-15.72,46.32,77.0,10.29
Tiznit Province,23,MA,17-06-2020,45,29.58,-9.5,72.43,7.31
Sosnovo-Ozerskoye,24,RU,17-06-2020,68,52.52,111.54,45.05,6.58
